state,suburb,population
New South Wales,Goulburn,23320
New South Wales,Goulburn Region,12862
New South Wales,Yass,6656
New South Wales,Yass Region,11913
New South Wales,Young,10802
New South Wales,Young Region,7450
New South Wales,Braidwood,3945
New South Wales,Karabar,8615
New South Wales,Queanbeyan,11235
New South Wales,Queanbeyan - East,5049
New South Wales,Queanbeyan Region,17435
New South Wales,Queanbeyan West - Jerrabomberra,13193
New South Wales,Bombala,2425
New South Wales,Cooma,6890
New South Wales,Cooma Region,3334
New South Wales,Jindabyne - Berridale,7091
New South Wales,Batemans Bay,7842
New South Wales,Batemans Bay - South,8570
New South Wales,Bega - Tathra,8607
New South Wales,Bega-Eden Hinterland,8961
New South Wales,Broulee - Tomakin,3317
New South Wales,Deua - Wadbilliga,27
New South Wales,Eden,3281
New South Wales,Eurobodalla Hinterland,3366
New South Wales,Merimbula - Tura Beach,10835
New South Wales,Moruya - Tuross Head,8096
New South Wales,Narooma - Bermagui,9171
New South Wales,Avoca Beach - Copacabana,7546
New South Wales,Box Head - MacMasters Beach,10956
New South Wales,Calga - Kulnura,4811
New South Wales,Erina - Green Point,14240
New South Wales,Gosford - Springfield,19284
New South Wales,Kariong,6559
New South Wales,Kincumber - Picketts Valley,7429
New South Wales,Narara,6829
New South Wales,Niagara Park - Lisarow,8202
New South Wales,Point Clare - Koolewong,6329
New South Wales,Saratoga - Davistown,7142
New South Wales,Terrigal - North Avoca,13909
New South Wales,Umina - Booker Bay - Patonga,24037
New South Wales,Wamberal - Forresters Beach,10146
New South Wales,Woy Woy - Blackwall,14181
New South Wales,Wyoming,11657
New South Wales,Bateau Bay - Killarney Vale,22412
New South Wales,Blue Haven - San Remo,11305
New South Wales,Budgewoi - Buff Point - Halekulani,9570
New South Wales,Chittaway Bay - Tumbi Umbi,15856
New South Wales,Gorokan - Kanwal - Charmhaven,22489
New South Wales,Jilliby - Yarramalong,3474
New South Wales,Lake Munmorah - Mannering Park,10984
New South Wales,Ourimbah - Fountaindale,4994
New South Wales,Summerland Point - Gwandalan,5844
New South Wales,The Entrance,15237
New South Wales,Toukley - Norah Head,9966
New South Wales,Tuggerah - Kangy Angy,5327
New South Wales,Warnervale - Wadalba,15573
New South Wales,Wyong,9021
New South Wales,Bathurst,24541
New South Wales,Bathurst - East,11472
New South Wales,Bathurst Region,7017
New South Wales,Oberon,4753
New South Wales,Condobolin,6803
New South Wales,Cowra,9300
New South Wales,Cowra Region,5542
New South Wales,Forbes,10394
New South Wales,Grenfell,3680
New South Wales,Parkes (NSW),11258
New South Wales,Parkes Region,3435
New South Wales,West Wyalong,6004
New South Wales,Lithgow,13095
New South Wales,Lithgow Region,8420
New South Wales,Mudgee,12010
New South Wales,Mudgee Region - East,3503
New South Wales,Mudgee Region - West,10544
New South Wales,Wollangambe - Wollemi,0
New South Wales,Blayney,7430
New South Wales,Orange,19457
New South Wales,Orange - North,20298
New South Wales,Orange Region,11806
New South Wales,Grafton,19075
New South Wales,Grafton Region,15446
New South Wales,Maclean - Yamba - Iluka,16440
New South Wales,Bellingen,5936
New South Wales,Coffs Harbour - North,17902
New South Wales,Coffs Harbour - South,10535
New South Wales,Coramba - Nana Glen - Bucca,3862
New South Wales,Dorrigo,3253
New South Wales,Korora - Emerald Beach,9010
New South Wales,Sawtell - Boambee,19947
New South Wales,Urunga,4758
New South Wales,Woolgoolga - Arrawarra,12740
New South Wales,Bourke - Brewarrina,4223
New South Wales,Cobar,4772
New South Wales,Coonamble,4278
New South Wales,Nyngan - Warren,5103
New South Wales,Walgett - Lightning Ridge,6683
New South Wales,Broken Hill,18027
New South Wales,Far West,2571
New South Wales,Coonabarabran,8075
New South Wales,Dubbo - East,10702
New South Wales,Dubbo - South,17380
New South Wales,Dubbo - West,9043
New South Wales,Dubbo Region,5728
New South Wales,Gilgandra,4452
New South Wales,Narromine,6694
New South Wales,Wellington,9064
New South Wales,Branxton - Greta - Pokolbin,10404
New South Wales,Cessnock,22426
New South Wales,Cessnock Region,8062
New South Wales,Dungog,9114
New South Wales,Kurri Kurri - Abermain,18057
New South Wales,Singleton,16521
New South Wales,Singleton Region,5037
New South Wales,Maitland,6812
New South Wales,Maitland - East,28091
New South Wales,Maitland - North,7793
New South Wales,Maitland - West,23179
New South Wales,Thornton - Millers Forest,10259
New South Wales,Anna Bay,5913
New South Wales,Lemon Tree Passage - Tanilba Bay,6882
New South Wales,Nelson Bay Peninsula,21447
New South Wales,Raymond Terrace,14107
New South Wales,Seaham - Woodville,5510
New South Wales,Tea Gardens - Hawks Nest,5161
New South Wales,Williamtown - Medowie - Karuah,14016
New South Wales,Muswellbrook,12403
New South Wales,Muswellbrook Region,4065
New South Wales,Scone,5964
New South Wales,Scone Region,8445
New South Wales,Berkeley - Warrawong - Windang,28875
New South Wales,Dapto - Avondale,24045
New South Wales,Horsley - Kembla Grange,8985
New South Wales,Port Kembla Industrial,11
New South Wales,Unanderra - Mount Kembla,16018
New South Wales,Illawarra Catchment Reserve,5
New South Wales,Albion Park - Macquarie Pass,14653
New South Wales,Albion Park Rail,7068
New South Wales,Kiama,7888
New South Wales,Kiama Downs - Minnamurra,6044
New South Wales,Kiama Hinterland - Gerringong,8027
New South Wales,Shellharbour - Flinders,17487
New South Wales,Shellharbour - Oak Flats,10311
New South Wales,Warilla,20992
New South Wales,Balgownie - Fairy Meadow,22018
New South Wales,Corrimal - Tarrawanna - Bellambi,15950
New South Wales,Figtree - Keiraville,21976
New South Wales,Helensburgh,9045
New South Wales,Thirroul - Austinmer - Coalcliff,11809
New South Wales,Wollongong,32223
New South Wales,Woonona - Bulli - Russell Vale,20271
New South Wales,Bulahdelah - Stroud,4790
New South Wales,Forster,14607
New South Wales,Forster-Tuncurry Region,6231
New South Wales,Tuncurry,6267
New South Wales,Kempsey,15058
New South Wales,Kempsey Region,9194
New South Wales,Macksville - Scotts Head,4883
New South Wales,Nambucca Heads,6837
New South Wales,Nambucca Heads Region,7798
New South Wales,South West Rocks,5235
New South Wales,Lord Howe Island,412
New South Wales,Laurieton - Bonny Hills,16934
New South Wales,Port Macquarie - East,28670
New South Wales,Port Macquarie - West,17577
New South Wales,Port Macquarie Region,5398
New South Wales,Wauchope,11350
New South Wales,Gloucester,5083
New South Wales,Old Bar - Manning Point - Red Head,10729
New South Wales,Taree,20881
New South Wales,Taree Region,12615
New South Wales,Wingham,5453
New South Wales,Albury - East,15413
New South Wales,Albury - North,10046
New South Wales,Albury - South,10536
New South Wales,Albury Region,11772
New South Wales,Lavington,14737
New South Wales,Hay,3003
New South Wales,Wentworth - Buronga,6082
New South Wales,Wentworth-Balranald Region,3652
New South Wales,Corowa,5508
New South Wales,Corowa Region,6841
New South Wales,Deniliquin,7515
New South Wales,Deniliquin Region,6847
New South Wales,Moama,5972
New South Wales,Tocumwal - Finley - Jerilderie,9859
New South Wales,Armidale,24114
New South Wales,Armidale Region - North,4565
New South Wales,Armidale Region - South,6137
New South Wales,Walcha,3282
New South Wales,Glen Innes,8942
New South Wales,Inverell,11895
New South Wales,Inverell Region - East,5297
New South Wales,Inverell Region - West,6057
New South Wales,Tenterfield,6667
New South Wales,Moree,8474
New South Wales,Moree Region,5635
New South Wales,Narrabri,7372
New South Wales,Narrabri Region,4971
New South Wales,Gunnedah,9468
New South Wales,Gunnedah Region,4221
New South Wales,Quirindi,7873
New South Wales,Tamworth - East,20788
New South Wales,Tamworth - North,15410
New South Wales,Tamworth - West,5780
New South Wales,Tamworth Region,18839
New South Wales,Belmont - Bennetts Green,18274
New South Wales,Belmont South - Blacksmiths,5768
New South Wales,Charlestown - Dudley,24689
New South Wales,Glendale - Cardiff - Hillsborough,24053
New South Wales,Mount Hutton - Windale,9124
New South Wales,Redhead,3616
New South Wales,Swansea - Caves Beach,11793
New South Wales,Valentine - Eleebana,12466
New South Wales,Warners Bay - Boolaroo,13753
New South Wales,Bolton Point - Teralba,8749
New South Wales,Bonnells Bay - Silverwater,8941
New South Wales,Edgeworth - Cameron Park,14552
New South Wales,Morisset - Cooranbong,15311
New South Wales,Toronto - Awaba,13801
New South Wales,Wangi Wangi - Rathmines,9083
New South Wales,West Wallsend - Barnsley - Killingworth,6638
New South Wales,Adamstown - Kotara,16213
New South Wales,Beresfield - Hexham,8532
New South Wales,Hamilton - Broadmeadow,12277
New South Wales,Lambton - New Lambton,17006
New South Wales,Maryland - Fletcher - Minmi,14031
New South Wales,Mayfield - Warabrook,15314
New South Wales,Merewether - The Junction,14315
New South Wales,Newcastle - Cooks Hill,11266
New South Wales,Newcastle Port - Kooragang,17
New South Wales,Shortland - Jesmond,11970
New South Wales,Stockton - Fullerton Cove,7567
New South Wales,Wallsend - Elermore Vale,20280
New South Wales,Waratah - North Lambton,12456
New South Wales,Wickham - Carrington - Tighes Hill,8327
New South Wales,Ballina,17435
New South Wales,Ballina Region,17130
New South Wales,Bangalow,5912
New South Wales,Brunswick Heads - Ocean Shores,8493
New South Wales,Byron Bay,10000
New South Wales,Evans Head,5289
New South Wales,Lennox Head - Skennars Head,7958
New South Wales,Mullumbimby,8195
New South Wales,Casino,12441
New South Wales,Casino Region,7066
New South Wales,Goonellabah,13405
New South Wales,Kyogle,7424
New South Wales,Lismore,15574
New South Wales,Lismore Region,15384
New South Wales,Kingscliff - Fingal Head,13514
New South Wales,Murwillumbah,9137
New South Wales,Murwillumbah Region,9885
New South Wales,Pottsville,13497
New South Wales,Tweed Heads,19837
New South Wales,Tweed Heads - South,27588
New South Wales,Griffith (NSW),19748
New South Wales,Griffith Region,13238
New South Wales,Leeton,10313
New South Wales,Narrandera,6165
New South Wales,Tumbarumba,3529
New South Wales,Tumut,6391
New South Wales,Tumut Region,4766
New South Wales,Cootamundra,7673
New South Wales,Gundagai,3636
New South Wales,Junee,6411
New South Wales,Temora,6857
New South Wales,Wagga Wagga - East,16994
New South Wales,Wagga Wagga - North,4524
New South Wales,Wagga Wagga - South,21869
New South Wales,Wagga Wagga - West,12573
New South Wales,Wagga Wagga Region,15107
New South Wales,Berry - Kangaroo Valley,8916
New South Wales,Callala Bay - Currarong,3683
New South Wales,Culburra Beach,5044
New South Wales,Ettrema - Sassafras - Budawang,52
New South Wales,Huskisson - Vincentia,4290
New South Wales,North Nowra - Bomaderry,16173
New South Wales,Nowra,20547
New South Wales,St Georges Basin - Erowal Bay,14219
New South Wales,Sussex Inlet - Berrara,4394
New South Wales,Tomerong - Wandandian - Woollamia,3469
New South Wales,Ulladulla,15671
New South Wales,Ulladulla Region,5159
New South Wales,Bowral,13280
New South Wales,Hill Top - Colo Vale,6192
New South Wales,Mittagong,9240
New South Wales,Moss Vale - Berrima,10050
New South Wales,Robertson - Fitzroy Falls,3582
New South Wales,Southern Highlands,6715
New South Wales,Baulkham Hills (East),23665
New South Wales,Baulkham Hills (West) - Bella Vista,20888
New South Wales,Castle Hill,30099
New South Wales,Cherrybrook,25254
New South Wales,Glenhaven,6426
New South Wales,Kellyville,29205
New South Wales,West Pennant Hills,13224
New South Wales,Dural - Kenthurst - Wisemans Ferry,21705
New South Wales,Galston - Laughtondale,5371
New South Wales,Bilpin - Colo - St Albans,2745
New South Wales,Kurrajong Heights - Ebenezer,22420
New South Wales,Pitt Town - McGraths Hill,10779
New South Wales,Rouse Hill - Beaumont Hills,23302
New South Wales,Blacktown (East) - Kings Park,17600
New South Wales,Blacktown (North) - Marayong,18503
New South Wales,Blacktown (South),29463
New South Wales,Doonside - Woodcroft,23426
New South Wales,Lalor Park - Kings Langley,25611
New South Wales,Seven Hills - Toongabbie,24788
New South Wales,Glenwood,16652
New South Wales,Parklea - Kellyville Ridge,33710
New South Wales,Quakers Hill - Acacia Gardens,27490
New South Wales,Riverstone - Marsden Park,17893
New South Wales,Bidwill - Hebersham - Emerton,18970
New South Wales,Glendenning Dean Park,8602
New South Wales,Hassall Grove - Plumpton,21243
New South Wales,Lethbridge Park - Tregear,21322
New South Wales,Mount Druitt - Whalan,23382
New South Wales,Prospect Reservoir,40
New South Wales,Rooty Hill - Minchinbury,21661
New South Wales,Banksmeadow,21
New South Wales,Botany,11272
New South Wales,Mascot - Eastlakes,25736
New South Wales,Pagewood - Hillsdale - Daceyville,11931
New South Wales,Port Botany Industrial,7
New South Wales,Sydney Airport,202
New South Wales,Marrickville,27924
New South Wales,Petersham - Stanmore,21314
New South Wales,Sydenham - Tempe - St Peters,8336
New South Wales,Darlinghurst,12202
New South Wales,Erskineville - Alexandria,17340
New South Wales,Glebe - Forest Lodge,20814
New South Wales,Newtown - Camperdown - Darlington,26297
New South Wales,Potts Point - Woolloomooloo,22990
New South Wales,Pyrmont - Ultimo,23339
New South Wales,Redfern - Chippendale,24207
New South Wales,Surry Hills,17844
New South Wales,Sydney - Haymarket - The Rocks,29970
New South Wales,Waterloo - Beaconsfield,35323
New South Wales,Bondi - Tamarama - Bronte,20097
New South Wales,Bondi Beach - North Bondi,22559
New South Wales,Bondi Junction - Waverly,17924
New South Wales,Centennial Park,3
New South Wales,Double Bay - Bellevue Hill,26781
New South Wales,Dover Heights,11526
New South Wales,Paddington - Moore Park,16411
New South Wales,Rose Bay - Vaucluse - Watsons Bay,12685
New South Wales,Woollahra,8166
New South Wales,Coogee - Clovelly,27325
New South Wales,Kensington - Kingsford,32219
New South Wales,Malabar - La Perouse - Chifley,25405
New South Wales,Maroubra,32491
New South Wales,Randwick,31826
New South Wales,Bankstown,33822
New South Wales,Bass Hill - Georges Hall,22770
New South Wales,Chullora,915
New South Wales,Condell Park,11844
New South Wales,Greenacre - Mount Lewis,27280
New South Wales,Padstow,17012
New South Wales,Panania - Milperra - Picnic Point,26461
New South Wales,Revesby,16800
New South Wales,Yagoona - Birrong,21505
New South Wales,Belmore - Belfield,19984
New South Wales,Canterbury (South) - Campsie,32017
New South Wales,Kingsgrove (North) - Earlwood,25014
New South Wales,Lakemba - Wiley Park,28903
New South Wales,Punchbowl,21693
New South Wales,Roselands,14208
New South Wales,Hurstville,24845
New South Wales,Mortdale - Penshurst,24794
New South Wales,Narwee - Beverly Hills,14337
New South Wales,Oatley - Hurstville Grove,13214
New South Wales,Peakhurst - Lugarno,18571
New South Wales,Riverwood,11724
New South Wales,South Hurstville - Blakehurst,25248
New South Wales,Arncliffe - Bardwell Valley,22911
New South Wales,Bexley,27881
New South Wales,Kingsgrove (South) - Bardwell Park,13299
New South Wales,Kogarah,11901
New South Wales,Kogarah Bay - Carlton - Allawah,16741
New South Wales,Monterey - Brighton-le-Sands - Kyeemagh,14728
New South Wales,Rockdale - Banksia,21180
New South Wales,Sans Souci - Ramsgate,16852
New South Wales,Concord - Mortlake - Cabarita,22706
New South Wales,Concord West - North Strathfield,26116
New South Wales,Drummoyne - Rodd Point,19276
New South Wales,Five Dock - Abbotsford,21497
New South Wales,Balmain,16650
New South Wales,Leichhardt - Annandale,27957
New South Wales,Lilyfield - Rozelle,14933
New South Wales,Ashfield,25655
New South Wales,Burwood - Croydon,25879
New South Wales,Canterbury (North) - Ashbury,10982
New South Wales,Croydon Park - Enfield,17862
New South Wales,Dulwich Hill - Lewisham,17636
New South Wales,Haberfield - Summer Hill,14129
New South Wales,Homebush,17086
New South Wales,Strathfield,29904
New South Wales,Chatswood (East) - Artarmon,29996
New South Wales,Chatswood (West) - Lane Cove North,22065
New South Wales,Lane Cove - Greenwich,27960
New South Wales,St Leonards - Naremburn,11065
New South Wales,Willoughby - Castle Cove - Northbridge,26738
New South Wales,Asquith - Mount Colah,18895
New South Wales,Berowra - Brooklyn - Cowan,12045
New South Wales,Hornsby - Waitara,33393
New South Wales,Normanhurst - Thornleigh - Westleigh,19123
New South Wales,Gordon - Killara,22297
New South Wales,Lindfield - Roseville,24098
New South Wales,Pymble,17056
New South Wales,St Ives,21512
New South Wales,Turramurra,19860
New South Wales,Wahroonga - Warrawee,18651
New South Wales,Cremorne - Cammeray,20281
New South Wales,Crows Nest - Waverton,19125
New South Wales,Mosman,30215
New South Wales,Neutral Bay - Kirribilli,19052
New South Wales,North Sydney - Lavender Bay,11479
New South Wales,Balgowlah - Clontarf - Seaforth,21325
New South Wales,Manly - Fairlight,23669
New South Wales,Avalon - Palm Beach,13109
New South Wales,Bayview - Elanora Heights,11159
New South Wales,Newport - Bilgola,13927
New South Wales,Warriewood - Mona Vale,25309
New South Wales,Beacon Hill - Narraweena,14428
New South Wales,Cromer,7761
New South Wales,Dee Why - North Curl Curl,26354
New South Wales,Forestville - Killarney Heights,13326
New South Wales,Frenchs Forest - Belrose,26366
New South Wales,Freshwater - Brookvale,22330
New South Wales,Manly Vale - Allambie Heights,17601
New South Wales,Narrabeen - Collaroy,25903
New South Wales,Terrey Hills - Duffys Forest,3777
New South Wales,Camden - Ellis Lane,13277
New South Wales,Elderslie - Harrington Park,21700
New South Wales,Mount Annan - Currans Hill,29235
New South Wales,Bradbury - Wedderburn,19484
New South Wales,Campbelltown - Woodbine,18604
New South Wales,Claymore - Eagle Vale - Raby,20989
New South Wales,Holsworthy Military Area,0
New South Wales,Ingleburn - Denham Court,20675
New South Wales,Leumeah - Minto Heights,16934
New South Wales,Macquarie Fields - Glenfield,24259
New South Wales,Minto - St Andrews,20388
New South Wales,Rosemeadow - Glen Alpine,21512
New South Wales,Bargo,5861
New South Wales,Douglas Park - Appin,9985
New South Wales,Picton - Tahmoor - Buxton,17149
New South Wales,The Oaks - Oakdale,9220
New South Wales,Blackheath - Megalong Valley,5659
New South Wales,Blaxland - Warrimoo - Lapstone,19373
New South Wales,Blue Mountains - North,13
New South Wales,Katoomba - Leura,13613
New South Wales,Lawson - Hazelbrook - Linden,11452
New South Wales,Springwood - Winmalee,22138
New South Wales,Wentworth Falls,6248
New South Wales,Blue Mountains - South,4
New South Wales,Cambridge Park,15937
New South Wales,Castlereagh - Cranebrook,24472
New South Wales,Emu Plains - Leonay,14566
New South Wales,Glenmore Park - Regentville,21828
New South Wales,Jamisontown - South Penrith,17684
New South Wales,Kingswood - Werrington,20157
New South Wales,Mulgoa - Luddenham - Orchard Hills,9917
New South Wales,Penrith,13630
New South Wales,Warragamba - Silverdale,5299
New South Wales,Richmond - Clarendon,14136
New South Wales,Windsor - Bligh Park,15746
New South Wales,Yarramundi - Londonderry,7587
New South Wales,Erskine Park,6595
New South Wales,St Clair,20377
New South Wales,St Marys - Colyton,28455
New South Wales,Auburn,38938
New South Wales,Homebush Bay - Silverwater,19594
New South Wales,Lidcombe - Regents Park,35542
New South Wales,Rookwood Cemetery,3
New South Wales,Carlingford,28396
New South Wales,Ermington - Rydalmere,22020
New South Wales,Oatlands - Dundas Valley,18448
New South Wales,Chester Hill - Sefton,19060
New South Wales,Fairfield - East,15972
New South Wales,Granville - Clyde,21894
New South Wales,Greystanes - Pemulwuy,27324
New South Wales,Guildford - South Granville,21848
New South Wales,Guildford West - Merrylands West,21520
New South Wales,Merrylands - Holroyd,29836
New South Wales,Smithfield Industrial,35
New South Wales,Yennora Industrial,23
New South Wales,Girraween - Westmead,29734
New South Wales,North Parramatta,23066
New South Wales,North Rocks,8224
New South Wales,Northmead,21222
New South Wales,Parramatta - Rosehill,30741
New South Wales,Toongabbie - Constitution Hill,22602
New South Wales,Winston Hills,11119
New South Wales,Epping - North Epping,28110
New South Wales,Pennant Hills - Cheltenham,21178
New South Wales,Eastwood - Denistone,26256
New South Wales,Gladesville - Huntleys Point,15070
New South Wales,Hunters Hill - Woolwich,10819
New South Wales,Macquarie Park - Marsfield,22784
New South Wales,North Ryde - East Ryde,12778
New South Wales,Ryde - Putney,32829
New South Wales,West Ryde - Meadowbank,20337
New South Wales,Ashcroft - Busby - Miller,17751
New South Wales,Badgerys Creek - Greendale,11548
New South Wales,Cobbitty - Leppington,18523
New South Wales,Green Valley - Cecil Hills,33152
New South Wales,Hoxton Park - Horningsea Park,25366
New South Wales,Bonnyrigg Heights - Bonnyrigg,16636
New South Wales,Bossley Park - Abbotsbury,19650
New South Wales,Cabramatta - Lansvale,25844
New South Wales,Cabramatta West - Mount Pritchard,17810
New South Wales,Canley Vale - Canley Heights,21546
New South Wales,Edensor Park,10242
New South Wales,Fairfield,18363
New South Wales,Fairfield - West,19791
New South Wales,Greenfield Park - Prairiewood,8618
New South Wales,Horsley Park - Kemps Creek,4637
New South Wales,Smithfield - Wetherill Park,18608
New South Wales,St Johns Park - Wakeley,11285
New South Wales,Wetherill Park Industrial,46
New South Wales,Casula,16223
New South Wales,Chipping Norton - Moorebank,19319
New South Wales,Holsworthy - Wattle Grove,21504
New South Wales,Liverpool - Warwick Farm,34815
New South Wales,Prestons - Lurnea,30377
New South Wales,Caringbah - Lilli Pilli,28005
New South Wales,Cronulla - Kurnell - Bundeena,32667
New South Wales,Gymea - Grays Point,17986
New South Wales,Miranda - Yowie Bay,18857
New South Wales,Sylvania - Taren Point,16591
New South Wales,Engadine - Loftus,28618
New South Wales,Heathcote - Waterfall,6674
New South Wales,Illawong - Alfords Point,10836
New South Wales,Menai - Lucas Heights - Woronora,21692
New South Wales,Oyster Bay - Como - Jannali,21974
New South Wales,Royal National Park,28
New South Wales,Sutherland - Kirrawee,21499
Victoria,Alfredton,11887
Victoria,Ballarat,12313
Victoria,Ballarat - North,23448
Victoria,Ballarat - South,24603
Victoria,Buninyong,7291
Victoria,Delacombe,7188
Victoria,Smythes Creek,3976
Victoria,Wendouree - Miners Rest,14858
Victoria,Bacchus Marsh Region,6001
Victoria,Creswick - Clunes,7881
Victoria,Daylesford,9142
Victoria,Gordon (Vic.),5722
Victoria,Avoca,3329
Victoria,Beaufort,4433
Victoria,Golden Plains - North,4509
Victoria,Maryborough (Vic.),7923
Victoria,Maryborough Region,5281
Victoria,Bendigo,14686
Victoria,California Gully - Eaglehawk,12121
Victoria,East Bendigo - Kennington,13663
Victoria,Flora Hill - Spring Gully,9404
Victoria,Kangaroo Flat - Golden Square,19890
Victoria,Maiden Gully,5207
Victoria,Strathfieldsaye,8749
Victoria,White Hills - Ascot,11867
Victoria,Bendigo Region - South,7256
Victoria,Castlemaine,10731
Victoria,Castlemaine Region,8525
Victoria,Heathcote,4522
Victoria,Kyneton,9691
Victoria,Woodend,7101
Victoria,Bendigo Region - North,4375
Victoria,Loddon,7097
Victoria,Bannockburn,6516
Victoria,Golden Plains - South,6928
Victoria,Winchelsea,5838
Victoria,Belmont,14255
Victoria,Corio - Norlane,26894
Victoria,Geelong,13016
Victoria,Geelong West - Hamlyn Heights,19788
Victoria,Grovedale,23763
Victoria,Highton,22714
Victoria,Lara,18552
Victoria,Leopold,13004
Victoria,Newcomb - Moolap,14757
Victoria,Newtown (Vic.),10541
Victoria,North Geelong - Bell Park,15109
Victoria,Clifton Springs,13494
Victoria,Lorne - Anglesea,5293
Victoria,Ocean Grove - Barwon Heads,24102
Victoria,Portarlington,7527
Victoria,Queenscliff,4214
Victoria,Torquay,19066
Victoria,Alexandra,6420
Victoria,Euroa,6281
Victoria,Kilmore - Broadford,13971
Victoria,Mansfield (Vic.),8864
Victoria,Nagambie,4055
Victoria,Seymour,6433
Victoria,Seymour Region,4470
Victoria,Upper Yarra Valley,183
Victoria,Yea,3593
Victoria,Benalla,10402
Victoria,Benalla Region,3621
Victoria,Rutherglen,3874
Victoria,Wangaratta,18891
Victoria,Wangaratta Region,9668
Victoria,Beechworth,4641
Victoria,Bright - Mount Beauty,8251
Victoria,Chiltern - Indigo Valley,3094
Victoria,Myrtleford,4660
Victoria,Towong,5941
Victoria,West Wodonga,15071
Victoria,Wodonga,24773
Victoria,Yackandandah,4494
Victoria,Drouin,16368
Victoria,Mount Baw Baw Region,6072
Victoria,Trafalgar (Vic.),7732
Victoria,Warragul,18985
Victoria,Alps - East,3
Victoria,Bairnsdale,14887
Victoria,Bruthen - Omeo,7805
Victoria,Lake King,0
Victoria,Lakes Entrance,10035
Victoria,Orbost,6475
Victoria,Paynesville,6332
Victoria,Foster,8751
Victoria,French Island,114
Victoria,Korumburra,9182
Victoria,Leongatha,11232
Victoria,Phillip Island,10665
Victoria,Wilsons Promontory,13
Victoria,Wonthaggi - Inverloch,22452
Victoria,Churchill,11537
Victoria,Moe - Newborough,16734
Victoria,Morwell,14008
Victoria,Traralgon,27325
Victoria,Yallourn North - Glengarry,4566
Victoria,Alps - West,24
Victoria,Longford - Loch Sport,4363
Victoria,Maffra,14031
Victoria,Rosedale,4806
Victoria,Sale,14783
Victoria,Yarram,5347
Victoria,Brunswick,27123
Victoria,Brunswick East,11766
Victoria,Brunswick West,14629
Victoria,Coburg,27733
Victoria,Pascoe Vale South,10402
Victoria,Alphington - Fairfield,9415
Victoria,Northcote,26334
Victoria,Thornbury,19522
Victoria,Ascot Vale,15667
Victoria,Essendon - Aberfeldie,28954
Victoria,Flemington,10662
Victoria,Moonee Ponds,15084
Victoria,Carlton,20575
Victoria,Docklands,11944
Victoria,East Melbourne,5356
Victoria,Flemington Racecourse,103
Victoria,Kensington,11526
Victoria,Melbourne,41473
Victoria,North Melbourne,22086
Victoria,Parkville,7898
Victoria,South Yarra - West,6607
Victoria,Southbank,20470
Victoria,West Melbourne,3
Victoria,Albert Park,16540
Victoria,Elwood,16509
Victoria,Port Melbourne,17370
Victoria,Port Melbourne Industrial,27
Victoria,South Melbourne,12357
Victoria,St Kilda,28141
Victoria,St Kilda East,17625
Victoria,Armadale,9658
Victoria,Prahran - Windsor,21391
Victoria,South Yarra - East,22677
Victoria,Toorak,14072
Victoria,Abbotsford,8842
Victoria,Carlton North - Princes Hill,9020
Victoria,Collingwood,9144
Victoria,Fitzroy,11464
Victoria,Fitzroy North,13211
Victoria,Richmond (Vic.),32848
Victoria,Yarra - North,9705
Victoria,Ashburton (Vic.),8277
Victoria,Balwyn,16700
Victoria,Balwyn North,21340
Victoria,Camberwell,22567
Victoria,Glen Iris - East,17130
Victoria,Hawthorn,24700
Victoria,Hawthorn East,16289
Victoria,Kew,26314
Victoria,Kew East,6825
Victoria,Surrey Hills (West) - Canterbury,17219
Victoria,Bulleen,11648
Victoria,Doncaster,21864
Victoria,Doncaster East,30086
Victoria,Templestowe,17620
Victoria,Templestowe Lower,14375
Victoria,Blackburn,22480
Victoria,Blackburn South,11274
Victoria,Box Hill,20973
Victoria,Box Hill North,18359
Victoria,Burwood,12937
Victoria,Burwood East,10807
Victoria,Surrey Hills (East) - Mont Albert,10426
Victoria,Beaumaris,14172
Victoria,Brighton (Vic.),24297
Victoria,Brighton East,16701
Victoria,Cheltenham - Highett (West),11439
Victoria,Hampton,18732
Victoria,Sandringham - Black Rock,17396
Victoria,Bentleigh - McKinnon,23869
Victoria,Bentleigh East,29455
Victoria,Carnegie,19104
Victoria,Caulfield - North,22207
Victoria,Caulfield - South,18456
Victoria,Elsternwick,12061
Victoria,Hughesdale,8002
Victoria,Murrumbeena,9771
Victoria,Ormond - Glen Huntly,14089
Victoria,Aspendale Gardens - Waterways,9487
Victoria,Braeside,86
Victoria,Carrum - Patterson Lakes,12144
Victoria,Chelsea - Bonbeach,14810
Victoria,Chelsea Heights,5517
Victoria,Cheltenham - Highett (East),23352
Victoria,Edithvale - Aspendale,13307
Victoria,Mentone,13709
Victoria,Moorabbin - Heatherton,9237
Victoria,Moorabbin Airport,0
Victoria,Mordialloc - Parkdale,20873
Victoria,Malvern - Glen Iris,21265
Victoria,Malvern East,22543
Victoria,Bundoora - East,10355
Victoria,Greensborough,21392
Victoria,Heidelberg - Rosanna,15578
Victoria,Heidelberg West,14840
Victoria,Ivanhoe,12040
Victoria,Ivanhoe East - Eaglemont,8116
Victoria,Montmorency - Briar Hill,16765
Victoria,Viewbank - Yallambie,19090
Victoria,Watsonia,9517
Victoria,Kingsbury,11938
Victoria,Preston,34058
Victoria,Reservoir - East,28460
Victoria,Reservoir - West,25295
Victoria,Eltham,23951
Victoria,Hurstbridge,3624
Victoria,Kinglake,3990
Victoria,Panton Hill - St Andrews,5423
Victoria,Plenty - Yarrambat,9941
Victoria,Research - North Warrandyte,7011
Victoria,Wattle Glen - Diamond Creek,14330
Victoria,Bundoora - North,7854
Victoria,Bundoora - West,6604
Victoria,Epping,43863
Victoria,Lalor,24114
Victoria,Mill Park - North,18775
Victoria,Mill Park - South,12481
Victoria,South Morang,64251
Victoria,Thomastown,21551
Victoria,Wallan,16700
Victoria,Whittlesea,8388
Victoria,Airport West,7918
Victoria,Essendon Airport,0
Victoria,Keilor,8887
Victoria,Keilor East,27556
Victoria,Niddrie - Essendon West,7216
Victoria,Strathmore,9895
Victoria,Gisborne,13345
Victoria,Macedon,3541
Victoria,Riddells Creek,4185
Victoria,Romsey,9668
Victoria,Coburg North,8095
Victoria,Fawkner,14558
Victoria,Glenroy - Hadfield,32303
Victoria,Pascoe Vale,24631
Victoria,Sunbury,13272
Victoria,Sunbury - South,27706
Victoria,Broadmeadows,14106
Victoria,Campbellfield - Coolaroo,17011
Victoria,Craigieburn - Mickleham,56349
Victoria,Gladstone Park - Westmeadows,18416
Victoria,Greenvale - Bulla,16360
Victoria,Meadow Heights,15986
Victoria,Melbourne Airport,212
Victoria,Roxburgh Park - Somerton,24073
Victoria,Tullamarine,6783
Victoria,Bayswater,12609
Victoria,Boronia - The Basin,27370
Victoria,Ferntree Gully,29531
Victoria,Knoxfield - Scoresby,15742
Victoria,Lysterfield,6905
Victoria,Rowville - Central,15969
Victoria,Rowville - North,8357
Victoria,Rowville - South,11073
Victoria,Wantirna,14546
Victoria,Wantirna South,18610
Victoria,Donvale - Park Orchards,16779
Victoria,Warrandyte - Wonga Park,10647
Victoria,Bayswater North,12239
Victoria,Croydon,34508
Victoria,Croydon Hills - Warranwood,18763
Victoria,Ringwood,17916
Victoria,Ringwood East,21142
Victoria,Ringwood North,9956
Victoria,Forest Hill,11101
Victoria,Mitcham (Vic.),16867
Victoria,Nunawading,12464
Victoria,Vermont,10932
Victoria,Vermont South,12233
Victoria,Belgrave - Selby,10452
Victoria,Chirnside Park,10276
Victoria,Healesville - Yarra Glen,14172
Victoria,Kilsyth,9498
Victoria,Lilydale - Coldstream,19420
Victoria,Monbulk - Silvan,5864
Victoria,Montrose,7094
Victoria,Mooroolbark,22960
Victoria,Mount Dandenong - Olinda,10204
Victoria,Mount Evelyn,10048
Victoria,Upwey - Tecoma,9950
Victoria,Wandin - Seville,7917
Victoria,Yarra Valley,16640
Victoria,Beaconsfield - Officer,14188
Victoria,Bunyip - Garfield,8896
Victoria,Emerald - Cockatoo,18686
Victoria,Koo Wee Rup,7760
Victoria,Pakenham - North,18775
Victoria,Pakenham - South,29485
Victoria,Berwick - North,23870
Victoria,Berwick - South,26930
Victoria,Doveton,11916
Victoria,Endeavour Hills,26586
Victoria,Hallam,11383
Victoria,Narre Warren,28752
Victoria,Narre Warren North,8082
Victoria,Cranbourne,20859
Victoria,Cranbourne East,26826
Victoria,Cranbourne North,20916
Victoria,Cranbourne South,9176
Victoria,Cranbourne West,15746
Victoria,Hampton Park - Lynbrook,26871
Victoria,Lynbrook - Lyndhurst,16166
Victoria,Narre Warren South,31404
Victoria,Pearcedale - Tooradin,8038
Victoria,Clarinda - Oakleigh South,12281
Victoria,Clayton South,13443
Victoria,Dandenong,32801
Victoria,Dandenong North,23728
Victoria,Dingley Village,10777
Victoria,Keysborough,27377
Victoria,Noble Park,32896
Victoria,Noble Park North,7912
Victoria,Springvale,22953
Victoria,Springvale South,13285
Victoria,Ashwood - Chadstone,19310
Victoria,Clayton,23855
Victoria,Glen Waverley - East,22027
Victoria,Glen Waverley - West,20245
Victoria,Mount Waverley - North,16175
Victoria,Mount Waverley - South,19256
Victoria,Mulgrave,20526
Victoria,Oakleigh - Huntingdale,22537
Victoria,Wheelers Hill,20917
Victoria,Ardeer - Albion,8151
Victoria,Cairnlea,10325
Victoria,Deer Park - Derrimut,27772
Victoria,Delahey,8738
Victoria,Keilor Downs,14024
Victoria,Kings Park (Vic.),14769
Victoria,St Albans - North,21270
Victoria,St Albans - South,18352
Victoria,Sunshine,10256
Victoria,Sunshine North,12331
Victoria,Sunshine West,19657
Victoria,Sydenham,12682
Victoria,Taylors Lakes,18531
Victoria,Altona,13277
Victoria,Altona Meadows,20141
Victoria,Altona North,14724
Victoria,Newport,18484
Victoria,Seabrook,5439
Victoria,Williamstown,16277
Victoria,Braybrook,19384
Victoria,Footscray,17536
Victoria,Maribyrnong,12975
Victoria,Seddon - Kingsville,9709
Victoria,West Footscray - Tottenham,12152
Victoria,Yarraville,15599
Victoria,Bacchus Marsh,20992
Victoria,Caroline Springs,32372
Victoria,Hillside,21362
Victoria,Melton,19614
Victoria,Melton South,24237
Victoria,Melton West,18266
Victoria,Rockbank - Mount Cottrell,3183
Victoria,Taylors Hill,20267
Victoria,Hoppers Crossing - North,20034
Victoria,Hoppers Crossing - South,20366
Victoria,Laverton,9429
Victoria,Point Cook,52611
Victoria,Tarneit,36532
Victoria,Truganina,24977
Victoria,Werribee,33076
Victoria,Werribee - South,11844
Victoria,Wyndham Vale,24269
Victoria,Carrum Downs,21535
Victoria,Frankston,23451
Victoria,Frankston North,19947
Victoria,Frankston South,19035
Victoria,Langwarrin,24792
Victoria,Seaford (Vic.),17138
Victoria,Skye - Sandhurst,13613
Victoria,Dromana,11474
Victoria,Flinders,5657
Victoria,Hastings - Somers,22806
Victoria,Mornington,24894
Victoria,Mount Eliza,18798
Victoria,Mount Martha,19317
Victoria,Point Nepean,17726
Victoria,Rosebud - McCrae,21499
Victoria,Somerville,18691
Victoria,Ararat,8362
Victoria,Ararat Region,3183
Victoria,Horsham,16395
Victoria,Horsham Region,3443
Victoria,Nhill Region,6908
Victoria,St Arnaud,3348
Victoria,Stawell,8237
Victoria,West Wimmera,2766
Victoria,Yarriambiack,6688
Victoria,Irymple,6927
Victoria,Merbein,4783
Victoria,Mildura,33206
Victoria,Mildura Region,3727
Victoria,Red Cliffs,5921
Victoria,Buloke,6231
Victoria,Gannawarra,6652
Victoria,Kerang,3903
Victoria,Robinvale,3427
Victoria,Swan Hill,11042
Victoria,Swan Hill Region,6442
Victoria,Echuca,14688
Victoria,Kyabram,11003
Victoria,Lockington - Gunbower,3892
Victoria,Rochester,3958
Victoria,Rushworth,4041
Victoria,Cobram,6381
Victoria,Moira,2580
Victoria,Numurkah,12343
Victoria,Yarrawonga,8002
Victoria,Mooroopna,8018
Victoria,Shepparton - North,19014
Victoria,Shepparton - South,23661
Victoria,Shepparton Region - East,3890
Victoria,Shepparton Region - West,10305
Victoria,Glenelg (Vic.),8738
Victoria,Hamilton (Vic.),10040
Victoria,Portland,10950
Victoria,Southern Grampians,6127
Victoria,Camperdown,3493
Victoria,Colac,12411
Victoria,Colac Region,5402
Victoria,Corangamite - North,5435
Victoria,Corangamite - South,7192
Victoria,Moyne - East,6709
Victoria,Moyne - West,9561
Victoria,Otway,3571
Victoria,Warrnambool - North,21440
Victoria,Warrnambool - South,13178
Queensland,Alexandra Hills,16870
Queensland,Belmont - Gumdale,7715
Queensland,Birkdale,15485
Queensland,Capalaba,18198
Queensland,Thorneside,3875
Queensland,Wellington Point,12031
Queensland,Cleveland,15292
Queensland,Ormiston,5956
Queensland,Redland Bay,16088
Queensland,Redland Islands,9592
Queensland,Sheldon - Mount Cotton,8256
Queensland,Thornlands,15300
Queensland,Victoria Point,15424
Queensland,Brisbane Port - Lytton,9
Queensland,Manly - Lota,7729
Queensland,Manly West,11755
Queensland,Murarrie,4321
Queensland,Tingalpa,9004
Queensland,Wakerley,9271
Queensland,Wynnum,13691
Queensland,Wynnum West - Hemmant,15266
Queensland,Bald Hills,7486
Queensland,Bridgeman Downs,8460
Queensland,Carseldine,9378
Queensland,Everton Park,9104
Queensland,McDowall,7872
Queensland,Aspley,12665
Queensland,Chermside,9761
Queensland,Chermside West,6537
Queensland,Geebung,4477
Queensland,Kedron - Gordon Park,14299
Queensland,Stafford,6783
Queensland,Stafford Heights,7062
Queensland,Wavell Heights,10188
Queensland,Boondall,9521
Queensland,Brisbane Airport,116
Queensland,Eagle Farm - Pinkenba,870
Queensland,Northgate - Virginia,6831
Queensland,Nudgee - Banyo,10048
Queensland,Nundah,12861
Queensland,Bracken Ridge,17516
Queensland,Brighton (Qld),9830
Queensland,Deagon,3785
Queensland,Sandgate - Shorncliffe,7001
Queensland,Taigum - Fitzgibbon,12667
Queensland,Zillmere,9286
Queensland,Camp Hill,11623
Queensland,Cannon Hill,6060
Queensland,Carina,11439
Queensland,Carina Heights,6829
Queensland,Carindale,16394
Queensland,Annerley,12062
Queensland,Coorparoo,16835
Queensland,Fairfield - Dutton Park,5092
Queensland,Greenslopes,9679
Queensland,Holland Park,8659
Queensland,Holland Park West,6627
Queensland,Woolloongabba,5886
Queensland,Yeronga,10012
Queensland,Eight Mile Plains,15939
Queensland,Macgregor (Qld),6182
Queensland,Mansfield (Qld),9053
Queensland,Mount Gravatt,15479
Queensland,Rochedale - Burbank,6651
Queensland,Upper Mount Gravatt,9840
Queensland,Wishart,11238
Queensland,Coopers Plains,5759
Queensland,Moorooka,10857
Queensland,Robertson,5410
Queensland,Salisbury - Nathan,7470
Queensland,Tarragindi,11130
Queensland,Algester,8724
Queensland,Calamvale - Stretton,22418
Queensland,Pallara - Willawong,4876
Queensland,Parkinson - Drewvale,16137
Queensland,Rocklea - Acacia Ridge,9920
Queensland,Kuraby,8726
Queensland,Runcorn,15146
Queensland,Sunnybank,9379
Queensland,Sunnybank Hills,19133
Queensland,Jindalee - Mount Ommaney,7869
Queensland,Middle Park - Jamboree Heights,7322
Queensland,Riverhills,4176
Queensland,Seventeen Mile Rocks - Sinnamon Park,9884
Queensland,Westlake,4549
Queensland,Bellbowrie - Moggill,10509
Queensland,Brookfield - Kenmore Hills,6993
Queensland,Chapel Hill,10857
Queensland,Fig Tree Pocket,4260
Queensland,Kenmore,9136
Queensland,Pinjarra Hills - Pullenvale,5633
Queensland,Chelmer - Graceville,7705
Queensland,Corinda,5084
Queensland,Indooroopilly,12800
Queensland,Sherwood,5882
Queensland,St Lucia,13487
Queensland,Taringa,8949
Queensland,Enoggera,8543
Queensland,Enoggera Reservoir,26
Queensland,Keperra,7339
Queensland,Mitchelton,8625
Queensland,Mount Coot-tha,0
Queensland,The Gap,17204
Queensland,Upper Kedron - Ferny Grove,10305
Queensland,Brisbane City,11036
Queensland,Fortitude Valley,7622
Queensland,Highgate Hill,6705
Queensland,Kangaroo Point,8847
Queensland,New Farm,13578
Queensland,South Brisbane,7777
Queensland,Spring Hill,6468
Queensland,West End,10211
Queensland,Balmoral,4494
Queensland,Bulimba,7076
Queensland,East Brisbane,6055
Queensland,Hawthorne,5328
Queensland,Morningside - Seven Hills,13279
Queensland,Norman Park,6612
Queensland,Albion,2973
Queensland,Alderley,6276
Queensland,Ascot,5368
Queensland,Clayfield,10962
Queensland,Grange,4427
Queensland,Hamilton (Qld),6579
Queensland,Hendra,4850
Queensland,Kelvin Grove - Herston,10722
Queensland,Newmarket,5246
Queensland,Newstead - Bowen Hills,11436
Queensland,Wilston,4153
Queensland,Windsor,7623
Queensland,Wooloowin - Lutwyche,10167
Queensland,Ashgrove,13901
Queensland,Auchenflower,5923
Queensland,Bardon,10229
Queensland,Paddington - Milton,11592
Queensland,Red Hill (Qld),6194
Queensland,Toowong,11547
Queensland,Brinsmead,5580
Queensland,Clifton Beach - Kewarra Beach,11197
Queensland,Freshwater - Stratford,3760
Queensland,Redlynch,13278
Queensland,Trinity Beach - Smithfield,14450
Queensland,Yorkeys Knob - Machans Beach,6289
Queensland,Bentley Park,8284
Queensland,Cairns City,12089
Queensland,Earlville - Bayview Heights,8563
Queensland,Edmonton,11084
Queensland,Gordonvale - Trinity,8908
Queensland,Kanimbla - Mooroobool,10221
Queensland,Lamb Range,0
Queensland,Manoora,6257
Queensland,Manunda,5600
Queensland,Mount Sheridan,8516
Queensland,Westcourt - Bungalow,6553
Queensland,White Rock,4878
Queensland,Whitfield - Edge Hill,8483
Queensland,Woree,4959
Queensland,Babinda,4312
Queensland,Innisfail,9637
Queensland,Johnstone,8025
Queensland,Tully,10921
Queensland,Wooroonooran,3
Queensland,Yarrabah,2703
Queensland,Daintree,6453
Queensland,Port Douglas,5429
Queensland,Atherton,10957
Queensland,Herberton,5738
Queensland,Kuranda,4684
Queensland,Malanda - Yungaburra,8617
Queensland,Mareeba,11334
Queensland,Balonne,4480
Queensland,Chinchilla,8321
Queensland,Goondiwindi,6515
Queensland,Inglewood - Waggamba,4292
Queensland,Miles - Wandoan,4141
Queensland,Roma,7056
Queensland,Roma Region,5872
Queensland,Tara,4282
Queensland,Crows Nest - Rosalie,8668
Queensland,Jondaryan,7688
Queensland,Millmerran,3369
Queensland,Pittsworth,5820
Queensland,Wambo,17454
Queensland,Clifton - Greenmount,4952
Queensland,Southern Downs - East,4266
Queensland,Southern Downs - West,4733
Queensland,Stanthorpe,5491
Queensland,Stanthorpe Region,5844
Queensland,Warwick,15378
Queensland,Central Highlands - East,7515
Queensland,Central Highlands - West,8278
Queensland,Emerald,13982
Queensland,Agnes Water - Miriam Vale,6131
Queensland,Banana,8717
Queensland,Biloela,5890
Queensland,Boyne Island - Tannum Sands,10194
Queensland,Callemondah,17
Queensland,Clinton - New Auckland,13874
Queensland,Gladstone,6185
Queensland,Gladstone Hinterland,12071
Queensland,Kin Kora - Sun Valley,3674
Queensland,South Trees,0
Queensland,Telina - Toolooa,6333
Queensland,West Gladstone,4809
Queensland,Berserker,7018
Queensland,Bouldercombe,1886
Queensland,Emu Park,5603
Queensland,Frenchville - Mount Archer,9287
Queensland,Glenlee - Rockyview,5062
Queensland,Gracemere,12018
Queensland,Lakes Creek,4991
Queensland,Mount Morgan,2981
Queensland,Norman Gardens,10393
Queensland,Park Avenue,5181
Queensland,Parkhurst - Kawana,7096
Queensland,Rockhampton - West,6032
Queensland,Rockhampton City,3329
Queensland,Rockhampton Region - East,3484
Queensland,Rockhampton Region - North,4329
Queensland,Rockhampton Region - West,2989
Queensland,Shoalwater Bay,16
Queensland,The Range - Allenstown,8388
Queensland,Yeppoon,18561
Queensland,Broadbeach Waters,8161
Queensland,Burleigh Heads,9134
Queensland,Burleigh Waters,14745
Queensland,Mermaid Beach - Broadbeach,12653
Queensland,Mermaid Waters,12703
Queensland,Miami,7095
Queensland,Coolangatta,6234
Queensland,Currumbin - Tugun,11732
Queensland,Currumbin Waters,9472
Queensland,Elanora,12544
Queensland,Palm Beach,15157
Queensland,Arundel,10645
Queensland,Biggera Waters,8912
Queensland,Coombabah,10602
Queensland,Labrador,19021
Queensland,Paradise Point - Hollywell,9772
Queensland,Runaway Bay,9427
Queensland,Guanaba - Springbrook,4371
Queensland,Tamborine - Canungra,14652
Queensland,Currumbin Valley - Tallebudgera,7421
Queensland,Mudgeeraba - Bonogin,18872
Queensland,Reedy Creek - Andrews,8213
Queensland,Carrara,12608
Queensland,Highland Park,8718
Queensland,Nerang - Mount Nathan,20938
Queensland,Pacific Pines - Gaven,18909
Queensland,Worongary - Tallai,8229
Queensland,Coomera,13807
Queensland,Helensvale,17476
Queensland,Hope Island,11699
Queensland,Jacobs Well - Alberton,3741
Queensland,Ormeau - Yatala,20246
Queensland,Oxenford - Maudsland,16313
Queensland,Pimpama,9620
Queensland,Upper Coomera - Willow Vale,32209
Queensland,Clear Island Waters,4247
Queensland,Merrimac,7245
Queensland,Robina,24187
Queensland,Varsity Lakes,15829
Queensland,Ashmore,12262
Queensland,Molendinar,6660
Queensland,Parkwood,9063
Queensland,Southport,33143
Queensland,Benowa,9081
Queensland,Bundall,4701
Queensland,Main Beach,4132
Queensland,Surfers Paradise,24969
Queensland,Darra - Sumner,5241
Queensland,Durack,8230
Queensland,Forest Lake - Doolandella,28853
Queensland,Inala - Richlands,18637
Queensland,Oxley (Qld),8181
Queensland,Wacol,6067
Queensland,Boonah,12079
Queensland,Esk,5229
Queensland,Lake Manchester - England Creek,3
Queensland,Lockyer Valley - East,20326
Queensland,Lowood,14376
Queensland,Rosewood,12111
Queensland,Brassall,11193
Queensland,Bundamba,9157
Queensland,Churchill - Yamanto,6973
Queensland,Ipswich - Central,6716
Queensland,Ipswich - East,18416
Queensland,Ipswich - North,4801
Queensland,Karalee - Barellan Point,5718
Queensland,Karana Downs,6301
Queensland,Leichhardt - One Mile,7884
Queensland,North Ipswich - Tivoli,6579
Queensland,Raceview,15594
Queensland,Ripley,4767
Queensland,Riverview,3221
Queensland,Bellbird Park - Brookwater,14294
Queensland,Camira - Gailes,9547
Queensland,Carole Park,4
Queensland,Collingwood Park - Redbank,8780
Queensland,Goodna,11332
Queensland,New Chum,0
Queensland,Redbank Plains,20011
Queensland,Springfield,7059
Queensland,Springfield Lakes,16089
Queensland,Beaudesert,14242
Queensland,Beenleigh,8498
Queensland,Eagleby,13690
Queensland,Edens Landing - Holmview,7698
Queensland,Mount Warren Park,5991
Queensland,Wolffdene - Bahrs Scrub,6328
Queensland,Boronia Heights - Park Ridge,12628
Queensland,Browns Plains,7637
Queensland,Chambers Flat - Logan Reserve,5259
Queensland,Crestmead,12377
Queensland,Greenbank Military Camp,0
Queensland,Hillcrest,8461
Queensland,Marsden,14903
Queensland,Munruben - Park Ridge South,4776
Queensland,Regents Park - Heritage Park,16527
Queensland,Greenbank,13203
Queensland,Jimboomba,26536
Queensland,Logan Village,7170
Queensland,Bethania - Waterford,11243
Queensland,Cornubia - Carbrook,8800
Queensland,Loganholme - Tanah Merah,11545
Queensland,Loganlea,10803
Queensland,Shailer Park,12113
Queensland,Waterford West,7512
Queensland,Daisy Hill,6895
Queensland,Kingston,10782
Queensland,Logan Central,6308
Queensland,Rochedale South - Priestdale,15984
Queensland,Slacks Creek,10800
Queensland,Springwood,9608
Queensland,Underwood,6699
Queensland,Woodridge,12990
Queensland,Bowen,9246
Queensland,Broadsound - Nebo,8724
Queensland,Clermont,3810
Queensland,Collinsville,3540
Queensland,Moranbah,9029
Queensland,Andergrove - Beaconsfield,15259
Queensland,East Mackay,3652
Queensland,Eimeo - Rural View,12673
Queensland,Eungella Hinterland,16
Queensland,Mackay,3740
Queensland,Mackay Harbour,527
Queensland,Mount Pleasant - Glenella,11107
Queensland,North Mackay,6158
Queensland,Ooralea - Bakers Creek,5108
Queensland,Pioneer Valley,8393
Queensland,Sarina,11796
Queensland,Seaforth - Calen,8214
Queensland,Shoal Point - Bucasia,5905
Queensland,Slade Point,3419
Queensland,South Mackay,6849
Queensland,Walkerston - Eton,8529
Queensland,West Mackay,6358
Queensland,Airlie - Whitsundays,13399
Queensland,Cape Conway,0
Queensland,Proserpine,8441
Queensland,Beachmere - Sandstone Point,15148
Queensland,Bribie Island,18465
Queensland,Burpengary - East,4064
Queensland,Caboolture,27635
Queensland,Caboolture - South,20681
Queensland,Elimbah,4049
Queensland,Morayfield - East,8713
Queensland,Wamuran,4029
Queensland,Kilcoy,5564
Queensland,Woodford - D'Aguilar,8104
Queensland,Burpengary,14420
Queensland,Deception Bay,22984
Queensland,Morayfield,4976
Queensland,Narangba,19204
Queensland,Upper Caboolture,3364
Queensland,Clontarf,8470
Queensland,Margate - Woody Point,12126
Queensland,Redcliffe,10456
Queensland,Rothwell - Kippa-Ring,17622
Queensland,Scarborough - Newport,12175
Queensland,Albany Creek,16369
Queensland,Cashmere,19502
Queensland,Dayboro,8730
Queensland,Eatons Hill,8262
Queensland,Hills District,24231
Queensland,Samford Valley,12130
Queensland,Dakabin - Kallangur,24634
Queensland,Murrumba Downs - Griffin,18136
Queensland,North Lakes - Mango Hill,31141
Queensland,Bray Park,10581
Queensland,Lawnton,6212
Queensland,Petrie,8951
Queensland,Strathpine - Brendale,12749
Queensland,Aurukun,1323
Queensland,Cape York,7873
Queensland,Croydon - Etheridge,1119
Queensland,Kowanyama - Pormpuraaw,1769
Queensland,Northern Peninsula,2952
Queensland,Tablelands,6139
Queensland,Torres,3789
Queensland,Torres Strait Islands,4785
Queensland,Weipa,4023
Queensland,Carpentaria,5065
Queensland,Mount Isa,18999
Queensland,Mount Isa Region,3445
Queensland,Northern Highlands,3179
Queensland,Barcaldine - Blackall,4833
Queensland,Charleville,4391
Queensland,Far Central West,2162
Queensland,Far South West,2879
Queensland,Longreach,3727
Queensland,Buderim - North,17077
Queensland,Buderim - South,16890
Queensland,Mountain Creek,11698
Queensland,Sippy Downs,10619
Queensland,Aroona - Currimundi,10328
Queensland,Buddina - Minyama,6691
Queensland,Caloundra - Kings Beach,6917
Queensland,Caloundra - West,20842
Queensland,Golden Beach - Pelican Waters,12182
Queensland,Moffat Beach - Battery Hill,8080
Queensland,Parrearra - Warana,9774
Queensland,Wurtulla - Birtinya,8112
Queensland,Coolum Beach,15174
Queensland,Marcoola - Mudjimba,11290
Queensland,Maroochydore - Kuluin,19692
Queensland,Mooloolaba - Alexandra Headland,12203
Queensland,Bli Bli,8550
Queensland,Diddillibah - Rosemount,3839
Queensland,Eumundi - Yandina,10839
Queensland,Nambour,20430
Queensland,Noosa Hinterland,22671
Queensland,Noosa Heads,4716
Queensland,Noosaville,9059
Queensland,Peregian,11475
Queensland,Sunshine Beach,6871
Queensland,Tewantin,10505
Queensland,Beerwah,8397
Queensland,Caloundra Hinterland,8859
Queensland,Glass House Mountains,5928
Queensland,Landsborough,10434
Queensland,Maroochy Hinterland,6400
Queensland,Palmwoods,10880
Queensland,Cambooya - Wyreema,7188
Queensland,Darling Heights,14173
Queensland,Drayton - Harristown,10445
Queensland,Gatton,7632
Queensland,Gowrie (Qld),6549
Queensland,Highfields,13464
Queensland,Lockyer Valley - West,11532
Queensland,Middle Ridge,7321
Queensland,Newtown (Qld),9822
Queensland,North Toowoomba - Harlaxton,5872
Queensland,Rangeville,8488
Queensland,Toowoomba - Central,13662
Queensland,Toowoomba - East,10052
Queensland,Toowoomba - West,13401
Queensland,Wilsonton,13600
Queensland,Ayr,9254
Queensland,Burdekin,8004
Queensland,Charters Towers,8282
Queensland,Dalrymple,3792
Queensland,Ingham,4482
Queensland,Ingham Region,6508
Queensland,Palm Island,2602
Queensland,Aitkenvale,4929
Queensland,Annandale,10397
Queensland,Belgian Gardens - Pallarenda,3357
Queensland,Bohle Plains,7392
Queensland,Condon - Rasmussen,10784
Queensland,Cranbrook,6036
Queensland,Deeragun,23125
Queensland,Douglas,8066
Queensland,Garbutt - West End,6784
Queensland,Gulliver - Currajong - Vincent,7926
Queensland,Heatley,4112
Queensland,Hermit Park - Rosslea,5265
Queensland,Hyde Park - Pimlico,4811
Queensland,Kelso,10900
Queensland,Kirwan - East,7998
Queensland,Kirwan - West,15954
Queensland,Magnetic Island,2413
Queensland,Mount Louisa,9472
Queensland,Mundingburra,3726
Queensland,Northern Beaches,6500
Queensland,Oonoonba,6784
Queensland,South Townsville - Railway Estate,5336
Queensland,Townsville - South,4336
Queensland,Townsville City - North Ward,9452
Queensland,Wulguru - Roseneath,6258
Queensland,Ashfield - Kepnock,5307
Queensland,Bargara - Burnett Heads,16883
Queensland,Branyan - Kensington,4803
Queensland,Bundaberg,6258
Queensland,Bundaberg East - Kalkie,5584
Queensland,Bundaberg North - Gooburrum,7356
Queensland,Bundaberg Region - North,9000
Queensland,Bundaberg Region - South,9966
Queensland,Millbank - Avoca,7532
Queensland,Svensson Heights - Norville,5702
Queensland,Walkervale - Avenell Heights,10885
Queensland,Gayndah - Mundubbera,6731
Queensland,Gin Gin,5169
Queensland,Kingaroy,10548
Queensland,Kingaroy Region - North,9759
Queensland,Kingaroy Region - South,3945
Queensland,Monto - Eidsvold,3892
Queensland,Nanango,9800
Queensland,North Burnett,8
Queensland,Cooloola,6331
Queensland,Gympie - North,14422
Queensland,Gympie - South,6882
Queensland,Gympie Region,18871
Queensland,Kilkivan,3710
Queensland,Booral - River Heads,4684
Queensland,Craignish - Dundowran Beach,4873
Queensland,Pialba - Eli Waters,14135
Queensland,Point Vernon,5780
Queensland,Torquay - Scarness - Kawungan,15199
Queensland,Urangan - Wondunna,12819
Queensland,Burrum - Fraser,9724
Queensland,Granville,3236
Queensland,Maryborough (Qld),18522
Queensland,Maryborough Region - South,8492
Queensland,Tinana,5556
South Australia,Adelaide,16137
South Australia,North Adelaide,7259
South Australia,Adelaide Hills,6876
South Australia,Aldgate - Stirling,17853
South Australia,Hahndorf - Echunga,4485
South Australia,Lobethal - Woodside,9145
South Australia,Mount Barker,17654
South Australia,Mount Barker Region,6304
South Australia,Nairne,5125
South Australia,Uraidla - Summertown,5525
South Australia,Burnside - Wattle Park,19201
South Australia,Glenside - Beaumont,10057
South Australia,Toorak Gardens,16206
South Australia,Athelstone,9351
South Australia,Paradise - Newton,20041
South Australia,Rostrevor - Magill,22241
South Australia,Norwood (SA),10509
South Australia,Payneham - Felixstow,12602
South Australia,St Peters - Marden,13332
South Australia,Nailsworth - Broadview,6187
South Australia,Prospect,14908
South Australia,Walkerville,7838
South Australia,Goodwood - Millswood,18086
South Australia,Unley - Parkside,20830
South Australia,Gawler - North,9294
South Australia,Gawler - South,19915
South Australia,Lewiston - Two Wells,5684
South Australia,Craigmore - Blakeview,18443
South Australia,Davoren Park,17948
South Australia,Elizabeth,10468
South Australia,Elizabeth East,13055
South Australia,Munno Para West - Angle Vale,12329
South Australia,One Tree Hill,2576
South Australia,Smithfield - Elizabeth North,12350
South Australia,Virginia - Waterloo Corner,4296
South Australia,Enfield - Blair Athol,23676
South Australia,Northgate - Oakden - Gilles Plains,25155
South Australia,Windsor Gardens,20768
South Australia,Dry Creek - North,0
South Australia,Ingle Farm,15072
South Australia,Para Hills,14915
South Australia,Parafield,104
South Australia,Parafield Gardens,17285
South Australia,Paralowie,17130
South Australia,Pooraka,21730
South Australia,Salisbury,17866
South Australia,Salisbury East,17771
South Australia,Salisbury North,17656
South Australia,Golden Grove,10545
South Australia,Greenwith,9114
South Australia,Highbury - Dernancourt,10702
South Australia,Hope Valley - Modbury,16725
South Australia,Modbury Heights,19253
South Australia,Redwood Park,16322
South Australia,St Agnes - Ridgehaven,12629
South Australia,Brighton (SA),14212
South Australia,Glenelg (SA),20477
South Australia,Edwardstown,13834
South Australia,Hallett Cove,12670
South Australia,Marino - Seaview Downs,9584
South Australia,Mitchell Park,15473
South Australia,Morphettville,14947
South Australia,Sheidow Park - Trott Park,10311
South Australia,Warradale,15279
South Australia,Belair,4708
South Australia,Bellevue Heights,7617
South Australia,Blackwood,12230
South Australia,Colonel Light Gardens,15941
South Australia,Mitcham (SA),16346
South Australia,Panorama,8227
South Australia,Aberfoyle Park,11765
South Australia,Aldinga,15554
South Australia,Christie Downs,9468
South Australia,Christies Beach,10356
South Australia,Clarendon,2712
South Australia,Coromandel Valley,4398
South Australia,Flagstaff Hill,10741
South Australia,Hackham - Onkaparinga Hills,6389
South Australia,Hackham West - Huntfield Heights,7655
South Australia,Happy Valley,13882
South Australia,Happy Valley Reservoir,0
South Australia,Lonsdale,26
South Australia,McLaren Vale,6028
South Australia,Morphett Vale - East,13712
South Australia,Morphett Vale - West,9629
South Australia,Reynella,10240
South Australia,Seaford (SA),22857
South Australia,Willunga,3432
South Australia,Woodcroft,11532
South Australia,Beverley,7942
South Australia,Flinders Park,14918
South Australia,Henley Beach,15303
South Australia,Hindmarsh - Brompton,18102
South Australia,Royal Park - Hendon - Albert Park,5953
South Australia,Seaton - Grange,16714
South Australia,West Lakes,14630
South Australia,Woodville - Cheltenham,17943
South Australia,Dry Creek - South,0
South Australia,Largs Bay - Semaphore,14767
South Australia,North Haven,14455
South Australia,Port Adelaide,11003
South Australia,The Parks,19028
South Australia,Torrens Island,3
South Australia,Adelaide Airport,0
South Australia,Fulham,2729
South Australia,Lockleys,13182
South Australia,Plympton,24785
South Australia,Richmond (SA),16911
South Australia,West Beach,5151
South Australia,Barossa - Angaston,6282
South Australia,Light,9184
South Australia,Lyndoch,6340
South Australia,Mallala,3238
South Australia,Nuriootpa,6731
South Australia,Tanunda,4718
South Australia,Clare,4121
South Australia,Gilbert Valley,5029
South Australia,Goyder,4244
South Australia,Wakefield - Barunga West,9657
South Australia,Jamestown,4651
South Australia,Peterborough - Mount Remarkable,5487
South Australia,Port Pirie,14360
South Australia,Port Pirie Region,3392
South Australia,Kadina,5396
South Australia,Moonta,4956
South Australia,Wallaroo,4099
South Australia,Yorke Peninsula - North,7280
South Australia,Yorke Peninsula - South,3998
South Australia,Ceduna,2669
South Australia,Eyre Peninsula,6671
South Australia,Kimba - Cleve - Franklin Harbour,4343
South Australia,Le Hunte - Elliston,2333
South Australia,Port Lincoln,16258
South Australia,West Coast (SA),3695
South Australia,Western,80
South Australia,Whyalla,22424
South Australia,Whyalla - North,0
South Australia,APY Lands,2500
South Australia,Coober Pedy,1842
South Australia,Flinders Ranges,2172
South Australia,Outback,2743
South Australia,Port Augusta,14078
South Australia,Roxby Downs,4037
South Australia,Goolwa - Port Elliot,11384
South Australia,Kangaroo Island,4852
South Australia,Strathalbyn,7301
South Australia,Strathalbyn Region,7565
South Australia,Victor Harbor,14786
South Australia,Yankalilla,5831
South Australia,Grant,5948
South Australia,Kingston - Robe,3851
South Australia,Millicent,5379
South Australia,Mount Gambier,29457
South Australia,Naracoorte,6274
South Australia,Naracoorte Region,2345
South Australia,Penola,3216
South Australia,Tatiara,6871
South Australia,Wattle Range,3342
South Australia,Barmera,6652
South Australia,Berri,4200
South Australia,Karoonda - Lameroo,3088
South Australia,Loxton,5513
South Australia,Loxton Region,1739
South Australia,Mannum,6287
South Australia,Murray Bridge,18120
South Australia,Murray Bridge Region,3716
South Australia,Renmark,4787
South Australia,Renmark Region,4966
South Australia,The Coorong,5568
South Australia,Waikerie,6729
Western Australia,Augusta,5528
Western Australia,Busselton,26828
Western Australia,Busselton Region,10768
Western Australia,Margaret River,9159
Western Australia,Australind - Leschenault,17967
Western Australia,Bunbury,17736
Western Australia,Capel,5311
Western Australia,College Grove - Carey Park,6873
Western Australia,Collie,8901
Western Australia,Dardanup,3213
Western Australia,Davenport,12
Western Australia,Eaton - Pelican Point,12068
Western Australia,Gelorup - Dalyellup - Stratham,12285
Western Australia,Harvey,9062
Western Australia,Koombana,7172
Western Australia,Waroona,4238
Western Australia,Bridgetown - Boyup Brook,6370
Western Australia,Donnybrook - Balingup,5930
Western Australia,Manjimup,5615
Western Australia,Pemberton,5106
Western Australia,Dawesville - Bouvard,7279
Western Australia,Falcon - Wannanup,9032
Western Australia,Greenfields,10062
Western Australia,Halls Head - Erskine,19045
Western Australia,Mandurah,9381
Western Australia,Mandurah - East,5967
Western Australia,Mandurah - North,18386
Western Australia,Mandurah - South,10416
Western Australia,Pinjarra,9837
Western Australia,City Beach,6971
Western Australia,Claremont (WA),8529
Western Australia,Cottesloe,7851
Western Australia,Floreat,8258
Western Australia,Mosman Park - Peppermint Grove,10900
Western Australia,Nedlands - Dalkeith - Crawley,19588
Western Australia,Swanbourne - Mount Claremont,9155
Western Australia,Kings Park (WA),20
Western Australia,Mount Hawthorn - Leederville,11152
Western Australia,Mount Lawley - Inglewood,17244
Western Australia,North Perth,9187
Western Australia,Perth City,33898
Western Australia,Subiaco - Shenton Park,17305
Western Australia,Wembley - West Leederville - Glendalough,18801
Western Australia,Bassendean - Eden Hill - Ashfield,15563
Western Australia,Bayswater - Embleton - Bedford,23881
Western Australia,Maylands,13357
Western Australia,Morley,22648
Western Australia,Noranda,8292
Western Australia,Chidlow,4875
Western Australia,Glen Forrest - Darlington,7250
Western Australia,Helena Valley - Koongamia,5431
Western Australia,Malmalling - Reservoir,10
Western Australia,Mundaring,13204
Western Australia,Swan View - Greenmount - Midvale,12368
Western Australia,Avon Valley National Park,8
Western Australia,Ballajura,19540
Western Australia,Beechboro,18733
Western Australia,Bullsbrook,5409
Western Australia,Ellenbrook,37270
Western Australia,Gidgegannup,2827
Western Australia,Hazelmere - South Guildford,4287
Western Australia,Lockridge - Kiara,11009
Western Australia,Malaga,9
Western Australia,Melaleuca - Lexia,0
Western Australia,Middle Swan - Herne Hill,5637
Western Australia,Midland - Guildford,10974
Western Australia,Stratton - Jane Brook,7097
Western Australia,The Vines,10229
Western Australia,Walyunga National Park,0
Western Australia,Craigie - Beldon,10182
Western Australia,Currambine - Kinross,14371
Western Australia,Duncraig,15941
Western Australia,Greenwood - Warwick,13782
Western Australia,Heathridge - Connolly,10682
Western Australia,Hillarys,11348
Western Australia,Iluka - Burns Beach,9271
Western Australia,Joondalup - Edgewater,14062
Western Australia,Kingsley,13449
Western Australia,Mullaloo - Kallaroo,11731
Western Australia,Ocean Reef,8250
Western Australia,Padbury,8507
Western Australia,Sorrento - Marmion,10058
Western Australia,Woodvale,9654
Western Australia,Balcatta - Hamersley,15885
Western Australia,Balga - Mirrabooka,20996
Western Australia,Dianella,25276
Western Australia,Herdsman,0
Western Australia,Innaloo - Doubleview,17310
Western Australia,Karrinyup - Gwelup - Carine,21186
Western Australia,Nollamara - Westminster,18618
Western Australia,Osborne Park Industrial,24
Western Australia,Scarborough,16462
Western Australia,Stirling - Osborne Park,14293
Western Australia,Trigg - North Beach - Watermans Bay,7951
Western Australia,Tuart Hill - Joondanna,12419
Western Australia,Wembley Downs - Churchlands - Woodlands,14591
Western Australia,Yokine - Coolbinia - Menora,16295
Western Australia,Alexander Heights - Koondoola,12475
Western Australia,Butler - Merriwa - Ridgewood,24274
Western Australia,Carramar,17180
Western Australia,Clarkson,13393
Western Australia,Girrawheen,9038
Western Australia,Madeley - Darch - Landsdale,26522
Western Australia,Marangaroo,11053
Western Australia,Mindarie - Quinns Rocks - Jindalee,19462
Western Australia,Neerabup National Park,7
Western Australia,Tapping - Ashby - Sinagra,13765
Western Australia,Wanneroo,26539
Western Australia,Yanchep,21279
Western Australia,Armadale - Wungong - Brookdale,19478
Western Australia,Ashendon - Lesley,14
Western Australia,Camillo - Champion Lakes,5700
Western Australia,Forrestdale - Harrisdale - Piara Waters,20111
Western Australia,Kelmscott,10890
Western Australia,Mount Nasura - Mount Richon - Bedfordale,8174
Western Australia,Roleystone,7343
Western Australia,Seville Grove,10570
Western Australia,Belmont - Ascot - Redcliffe,14876
Western Australia,East Victoria Park - Carlisle,17352
Western Australia,Kewdale Commercial,7
Western Australia,Perth Airport,35
Western Australia,Rivervale - Kewdale - Cloverdale,26352
Western Australia,Victoria Park - Lathlain - Burswood,15264
Western Australia,Bentley - Wilson - St James,20959
Western Australia,Canning Vale - West,10313
Western Australia,Canning Vale Commercial,0
Western Australia,Cannington - Queens Park,18826
Western Australia,Parkwood - Ferndale - Lynwood,14259
Western Australia,Riverton - Shelley - Rossmoyne,14016
Western Australia,Welshpool,36
Western Australia,Willetton,18763
Western Australia,Beckenham - Kenwick - Langford,19538
Western Australia,Canning Vale - East,24022
Western Australia,Gosnells,20800
Western Australia,Huntingdale - Southern River,19710
Western Australia,Maddington - Orange Grove - Martin,14133
Western Australia,Thornlie,23925
Western Australia,Forrestfield - Wattle Grove,19408
Western Australia,High Wycombe,12632
Western Australia,Kalamunda - Maida Vale - Gooseberry Hill,15377
Western Australia,Lesmurdie - Bickley - Carmel,11932
Western Australia,Byford,16690
Western Australia,Mundijong,6467
Western Australia,Serpentine - Jarrahdale,4539
Western Australia,Como,14747
Western Australia,Manning - Waterford,11997
Western Australia,South Perth - Kensington,17410
Western Australia,Banjup,18177
Western Australia,Beeliar,7921
Western Australia,Bibra Industrial,7
Western Australia,Bibra Lake,0
Western Australia,Coogee,9158
Western Australia,Coolbellup,8370
Western Australia,Hamilton Hill,10856
Western Australia,Henderson,16
Western Australia,Jandakot,2610
Western Australia,Jandakot Airport,114
Western Australia,North Coogee,2459
Western Australia,South Lake - Cockburn Central,11969
Western Australia,Spearwood,10636
Western Australia,Success - Hammond Park,15440
Western Australia,Wattleup,701
Western Australia,Yangebup,7782
Western Australia,East Fremantle,7765
Western Australia,Fremantle,15759
Western Australia,Fremantle - South,15151
Western Australia,O'Connor (WA),16
Western Australia,Anketell - Wandi,3323
Western Australia,Bertram - Wellard (West),14610
Western Australia,Calista,7849
Western Australia,Casuarina - Wellard (East),3185
Western Australia,Hope Valley - Postans,75
Western Australia,Kwinana Industrial,25
Western Australia,Parmelia - Orelia,11238
Western Australia,Applecross - Ardross,11616
Western Australia,Bateman,3903
Western Australia,Bicton - Palmyra,14264
Western Australia,Booragoon,15118
Western Australia,Bull Creek,8084
Western Australia,Leeming,11198
Western Australia,Melville,16902
Western Australia,Murdoch - Kardinya,12758
Western Australia,Willagee,5046
Western Australia,Winthrop,6217
Western Australia,Baldivis,34287
Western Australia,Cooloongup,8841
Western Australia,Port Kennedy,14155
Western Australia,Rockingham,16017
Western Australia,Rockingham Lakes,10
Western Australia,Safety Bay - Shoalwater,11870
Western Australia,Singleton - Golden Bay - Secret Harbour,20209
Western Australia,Waikiki,12784
Western Australia,Warnbro,11135
Western Australia,Esperance,12307
Western Australia,Esperance Region,3982
Western Australia,Carnarvon,5367
Western Australia,Exmouth,4390
Western Australia,Boulder,7321
Western Australia,Kalgoorlie,14299
Western Australia,Kalgoorlie - North,9056
Western Australia,Kalgoorlie Airport,6
Western Australia,Kambalda - Coolgardie - Norseman,4690
Western Australia,Leinster - Leonora,4945
Western Australia,Trafalgar (WA),0
Western Australia,Broome,14518
Western Australia,Derby - West Kimberley,8322
Western Australia,Halls Creek,3598
Western Australia,Kununurra,7496
Western Australia,Roebuck,2458
Western Australia,Geraldton,12009
Western Australia,Geraldton - East,8179
Western Australia,Geraldton - North,7876
Western Australia,Geraldton - South,10225
Western Australia,Irwin,3611
Western Australia,Meekatharra,3160
Western Australia,Morawa,4056
Western Australia,Northampton - Mullewa - Greenough,6011
Western Australia,Ashburton (WA),13262
Western Australia,East Pilbara,7218
Western Australia,Karratha,16334
Western Australia,Newman,4388
Western Australia,Port Hedland,4513
Western Australia,Roebourne,5838
Western Australia,South Hedland,9882
Western Australia,Albany,14691
Western Australia,Albany Region,3492
Western Australia,Bayonet Head - Lower King,4955
Western Australia,Denmark,5964
Western Australia,Gnowangerup,2929
Western Australia,Katanning,4611
Western Australia,Kojonup,4266
Western Australia,Little Grove - Elleker,3694
Western Australia,McKail - Willyung,10575
Western Australia,Plantagenet,5142
Western Australia,Stirling Range National Park,0
Western Australia,Chittering,5535
Western Australia,Cunderdin,4148
Western Australia,Dowerin,4032
Western Australia,Gingin - Dandaragan,8559
Western Australia,Merredin,5151
Western Australia,Moora,4844
Western Australia,Mukinbudin,3202
Western Australia,Northam,11260
Western Australia,Toodyay,4500
Western Australia,York - Beverley,5353
Western Australia,Brookton,3792
Western Australia,Kulin,4335
Western Australia,Murray,2599
Western Australia,Narrogin,4818
Western Australia,Wagin,5001
Tasmania,Bridgewater - Gagebrook,7342
Tasmania,Brighton - Pontville,5449
Tasmania,Old Beach - Otago,4378
Tasmania,Bellerive - Rosny,5979
Tasmania,Cambridge,7717
Tasmania,Geilston Bay - Risdon,3233
Tasmania,Howrah - Tranmere,10432
Tasmania,Lindisfarne - Rose Bay,7344
Tasmania,Mornington - Warrane,4695
Tasmania,Risdon Vale,3115
Tasmania,Rokeby,6101
Tasmania,South Arm,4251
Tasmania,Austins Ferry - Granton,3970
Tasmania,Berriedale - Chigwell,5532
Tasmania,Claremont (Tas.),7754
Tasmania,Derwent Park - Lutana,4205
Tasmania,Glenorchy,11046
Tasmania,Montrose - Rosetta,4851
Tasmania,Moonah,5359
Tasmania,New Norfolk,6594
Tasmania,West Moonah,3979
Tasmania,Kingston - Huntingfield,11367
Tasmania,Kingston Beach - Blackmans Bay,10373
Tasmania,Margate - Snug,7818
Tasmania,Mount Wellington,0
Tasmania,Taroona - Bonnet Hill,3645
Tasmania,Hobart,8091
Tasmania,Lenah Valley - Mount Stuart,8512
Tasmania,Mount Nelson - Dynnyrne,4740
Tasmania,New Town,6076
Tasmania,Sandy Bay,12297
Tasmania,South Hobart - Fern Tree,6162
Tasmania,West Hobart,5994
Tasmania,Dodges Ferry - Lewisham,7520
Tasmania,Sorell - Richmond,8541
Tasmania,Invermay,3165
Tasmania,Kings Meadows - Punchbowl,4001
Tasmania,Launceston,5386
Tasmania,Legana,4202
Tasmania,Mowbray,3826
Tasmania,Newnham - Mayfield,9162
Tasmania,Newstead,5368
Tasmania,Norwood (Tas.),3947
Tasmania,Prospect Vale - Blackstone,6557
Tasmania,Ravenswood,3696
Tasmania,Riverside,6651
Tasmania,South Launceston,4756
Tasmania,Summerhill - Prospect,5023
Tasmania,Trevallyn,4697
Tasmania,Waverley - St Leonards,3614
Tasmania,West Launceston,4260
Tasmania,Youngtown - Relbia,4729
Tasmania,Beauty Point - Beaconsfield,3818
Tasmania,Deloraine,5799
Tasmania,Grindelwald - Lanena,5841
Tasmania,Hadspen - Carrick,3295
Tasmania,Westbury,4065
Tasmania,Dilston - Lilydale,3991
Tasmania,George Town,6905
Tasmania,Longford,4083
Tasmania,Northern Midlands,3685
Tasmania,Perth - Evandale,5165
Tasmania,Scottsdale - Bridport,7677
Tasmania,St Helens - Scamander,6173
Tasmania,Central Highlands,2073
Tasmania,Derwent Valley,3175
Tasmania,Southern Midlands,6155
Tasmania,Wilderness - East,21
Tasmania,Bruny Island - Kettering,3033
Tasmania,Cygnet,4385
Tasmania,Geeveston - Dover,3735
Tasmania,Huonville - Franklin,8555
Tasmania,Forestier - Tasman,2396
Tasmania,Triabunna - Bicheno,4495
Tasmania,Acton - Upper Burnie,3223
Tasmania,Burnie - Ulverstone Region,5089
Tasmania,Burnie - Wivenhoe,3668
Tasmania,Parklands - Camdale,6491
Tasmania,Penguin - Sulphur Creek,5177
Tasmania,Romaine - Havenview,3470
Tasmania,Somerset,3998
Tasmania,Ulverstone,6999
Tasmania,West Ulverstone,4268
Tasmania,Wynyard,6198
Tasmania,Devonport,14069
Tasmania,East Devonport,4806
Tasmania,Latrobe,4628
Tasmania,Miandetta - Don,3604
Tasmania,Port Sorell,5732
Tasmania,Quoiba - Spreyton,2951
Tasmania,Sheffield - Railton,6310
Tasmania,Turners Beach - Forth,3172
Tasmania,King Island,1617
Tasmania,North West,4167
Tasmania,Smithton,4004
Tasmania,Waratah,3689
Tasmania,West Coast (Tas.),4236
Tasmania,Wilderness - West,0
Northern Territory,Darwin Airport,15
Northern Territory,Darwin City,7130
Northern Territory,East Point,14
Northern Territory,Fannie Bay - The Gardens,3602
Northern Territory,Larrakeyah,4013
Northern Territory,Ludmilla - The Narrows,2759
Northern Territory,Parap,2967
Northern Territory,Stuart Park,4497
Northern Territory,Woolner - Bayview - Winnellie,3023
Northern Territory,Alawa,2292
Northern Territory,Anula,2517
Northern Territory,Berrimah,1352
Northern Territory,Brinkin - Nakara,3816
Northern Territory,Buffalo Creek,0
Northern Territory,Charles Darwin,0
Northern Territory,Coconut Grove,3216
Northern Territory,East Arm,13
Northern Territory,Jingili,1865
Northern Territory,Karama,5270
Northern Territory,Leanyer,4880
Northern Territory,Lyons (NT),5092
Northern Territory,Malak - Marrara,4842
Northern Territory,Millner,2746
Northern Territory,Moil,2142
Northern Territory,Nightcliff,4150
Northern Territory,Rapid Creek,3460
Northern Territory,Tiwi,2763
Northern Territory,Wagaman,2337
Northern Territory,Wanguri,1996
Northern Territory,Wulagi,2557
Northern Territory,Howard Springs,7521
Northern Territory,Humpty Doo,9117
Northern Territory,Koolpinyah,24
Northern Territory,Virginia,3531
Northern Territory,Weddell,4730
Northern Territory,Bakewell,3237
Northern Territory,Driver,3045
Northern Territory,Durack - Marlow Lagoon,4549
Northern Territory,Gray,3530
Northern Territory,Moulden,3150
Northern Territory,Palmerston - North,4475
Northern Territory,Palmerston - South,3192
Northern Territory,Rosebery - Bellamack,7062
Northern Territory,Woodroffe,3427
Northern Territory,Charles,4616
Northern Territory,East Side,5520
Northern Territory,Flynn (NT),4760
Northern Territory,Larapinta,5266
Northern Territory,Mount Johns,4043
Northern Territory,Petermann - Simpson,2741
Northern Territory,Ross,2618
Northern Territory,Sandover - Plenty,4623
Northern Territory,Tanami,3133
Northern Territory,Yuendumu - Anmatjere,2398
Northern Territory,Barkly,2879
Northern Territory,Tennant Creek,3362
Northern Territory,Alligator,4968
Northern Territory,Daly,2102
Northern Territory,Thamarrurr,2858
Northern Territory,Tiwi Islands,2805
Northern Territory,West Arnhem,5483
Northern Territory,Anindilyakwa,2811
Northern Territory,East Arnhem,8582
Northern Territory,Nhulunbuy,3409
Northern Territory,Elsey,2596
Northern Territory,Gulf,4774
Northern Territory,Katherine,10635
Northern Territory,Victoria River,2842
Australian Capital Territory,Aranda,2429
Australian Capital Territory,Belconnen,6916
Australian Capital Territory,Bruce,7273
Australian Capital Territory,Charnwood,3008
Australian Capital Territory,Cook,2887
Australian Capital Territory,Dunlop,7262
Australian Capital Territory,Evatt,5393
Australian Capital Territory,Florey,4863
Australian Capital Territory,Flynn (ACT),3376
Australian Capital Territory,Fraser,2045
Australian Capital Territory,Giralang,3351
Australian Capital Territory,Gooromon,7
Australian Capital Territory,Hawker,2992
Australian Capital Territory,Higgins,3118
Australian Capital Territory,Holt,4659
Australian Capital Territory,Kaleen,7464
Australian Capital Territory,Latham,3671
Australian Capital Territory,Lawson,145
Australian Capital Territory,Macgregor (ACT),6898
Australian Capital Territory,Macquarie,2764
Australian Capital Territory,McKellar,2835
Australian Capital Territory,Melba,3211
Australian Capital Territory,Page,3047
Australian Capital Territory,Scullin,2980
Australian Capital Territory,Spence,2629
Australian Capital Territory,Weetangera,2582
Australian Capital Territory,ACT - South West,5338
Australian Capital Territory,Molonglo,38
Australian Capital Territory,Namadgi,39
Australian Capital Territory,ACT - East,868
Australian Capital Territory,Hume,435
Australian Capital Territory,Kowen,44
Australian Capital Territory,Majura,277
Australian Capital Territory,Amaroo,5721
Australian Capital Territory,Bonner,6917
Australian Capital Territory,Casey,5850
Australian Capital Territory,Crace,4521
Australian Capital Territory,Forde,4456
Australian Capital Territory,Franklin,6592
Australian Capital Territory,Gungahlin,6332
Australian Capital Territory,Gungahlin - East,9
Australian Capital Territory,Gungahlin - West,768
Australian Capital Territory,Hall,276
Australian Capital Territory,Harrison,7850
Australian Capital Territory,Mitchell,4
Australian Capital Territory,Ngunnawal,10577
Australian Capital Territory,Nicholls,6879
Australian Capital Territory,Palmerston,5656
Australian Capital Territory,Acton,2140
Australian Capital Territory,Ainslie,5260
Australian Capital Territory,Braddon,5689
Australian Capital Territory,Campbell,5072
Australian Capital Territory,Civic,4390
Australian Capital Territory,Dickson,2174
Australian Capital Territory,Downer,3716
Australian Capital Territory,Hackett,3055
Australian Capital Territory,Lyneham,5250
Australian Capital Territory,O'Connor (ACT),5626
Australian Capital Territory,Reid,1655
Australian Capital Territory,Turner,4131
Australian Capital Territory,Watson,5947
Australian Capital Territory,Deakin,2930
Australian Capital Territory,Forrest,1637
Australian Capital Territory,Griffith (ACT),4688
Australian Capital Territory,Kingston - Barton,6143
Australian Capital Territory,Lake Burley Griffin,0
Australian Capital Territory,Narrabundah,5997
Australian Capital Territory,Parkes (ACT),5
Australian Capital Territory,Red Hill (ACT),3266
Australian Capital Territory,Yarralumla,2942
Australian Capital Territory,Banks,5027
Australian Capital Territory,Bonython,3818
Australian Capital Territory,Calwell,5800
Australian Capital Territory,Chisholm,5180
Australian Capital Territory,Conder,5085
Australian Capital Territory,Fadden,2978
Australian Capital Territory,Gilmore,2768
Australian Capital Territory,Gordon (ACT),7716
Australian Capital Territory,Gowrie (ACT),3074
Australian Capital Territory,Greenway,1888
Australian Capital Territory,Isabella Plains,4436
Australian Capital Territory,Kambah,15008
Australian Capital Territory,Macarthur,1456
Australian Capital Territory,Monash,5504
Australian Capital Territory,Mount Taylor,3
Australian Capital Territory,Oxley (ACT),1689
Australian Capital Territory,Richardson,3037
Australian Capital Territory,Theodore,3868
Australian Capital Territory,Tuggeranong,22
Australian Capital Territory,Wanniassa,7600
Australian Capital Territory,Chapman,2695
Australian Capital Territory,Duffy,3205
Australian Capital Territory,Fisher,3067
Australian Capital Territory,Holder,2618
Australian Capital Territory,Rivett,3201
Australian Capital Territory,Stirling,2151
Australian Capital Territory,Waramanga,2629
Australian Capital Territory,Weston,3603
Australian Capital Territory,Chifley,2475
Australian Capital Territory,Curtin,5331
Australian Capital Territory,Farrer,3264
Australian Capital Territory,Garran,3611
Australian Capital Territory,Hughes,3025
Australian Capital Territory,Isaacs,2363
Australian Capital Territory,Lyons (ACT),3116
Australian Capital Territory,Mawson,3307
Australian Capital Territory,O'Malley,1031
Australian Capital Territory,Pearce,2633
Australian Capital Territory,Phillip,3014
Australian Capital Territory,Torrens,2207